{
  "parent": "minecraft:item/generated",
  "textures": {
    "layer0": "minecraft:item/book"
  },
  "overrides": [
    {
      "predicate": {
        "custom_model_data": 1
      },
      "model": "minecraft:item/book/1"
    },
    {
      "predicate": {
        "custom_model_data": 2
      },
      "model": "minecraft:item/book/2"
    },
    {
      "predicate": {
        "custom_model_data": 3
      },
      "model": "minecraft:item/book/3"
    },
    {
      "predicate": {
        "custom_model_data": 4
      },
      "model": "minecraft:item/book/4"
    }
  ]
}