{
    "parent": "minecraft:item/generated",
    "textures": {
      "layer0": "minecraft:item/enchanted_book"
    },
    "overrides": [
      {
        "predicate": {
          "custom_model_data": 1
        },
        "model": "minecraft:item/enchanted_book/1"
      },
      {
        "predicate": {
          "custom_model_data": 2
        },
        "model": "minecraft:item/enchanted_book/2"
      },
      {
        "predicate": {
          "custom_model_data": 3
        },
        "model": "minecraft:item/enchanted_book/3"
      },
      {
        "predicate": {
          "custom_model_data": 4
        },
        "model": "minecraft:item/enchanted_book/4"
      },
      {
        "predicate": {
          "custom_model_data": 5
        },
        "model": "minecraft:item/enchanted_book/5"
      },
      {
        "predicate": {
          "custom_model_data": 6
        },
        "model": "minecraft:item/enchanted_book/6"
      },
      {
        "predicate": {
          "custom_model_data": 7
        },
        "model": "minecraft:item/enchanted_book/7"
      },
      {
        "predicate": {
          "custom_model_data": 8
        },
        "model": "minecraft:item/enchanted_book/8"
      },
      {
        "predicate": {
          "custom_model_data": 9
        },
        "model": "minecraft:item/enchanted_book/9"
      },
      {
        "predicate": {
          "custom_model_data": 10
        },
        "model": "minecraft:item/enchanted_book/10"
      },
      {
        "predicate": {
          "custom_model_data": 11
        },
        "model": "minecraft:item/enchanted_book/11"
      },
      {
        "predicate": {
          "custom_model_data": 12
        },
        "model": "minecraft:item/enchanted_book/12"
      },
      {
        "predicate": {
          "custom_model_data": 13
        },
        "model": "minecraft:item/enchanted_book/13"
      }
    ]
  }