{
  "parent": "minecraft:item/generated",
  "textures": {
    "layer0": "minecraft:item/red_dye"
  },
  "overrides": [
    {
      "predicate": {
        "custom_model_data": 1
      },
      "model": "minecraft:item/red_dye/1"
    },
    {
      "predicate": {
        "custom_model_data": 2
      },
      "model": "minecraft:item/red_dye/2"
    },
    {
      "predicate": {
        "custom_model_data": 3
      },
      "model": "minecraft:item/red_dye/3"
    },
    {
      "predicate": {
        "custom_model_data": 4
      },
      "model": "minecraft:item/red_dye/4"
    },
    {
      "predicate": {
        "custom_model_data": 5
      },
      "model": "minecraft:item/red_dye/5"
    },
    {
      "predicate": {
        "custom_model_data": 6
      },
      "model": "minecraft:item/red_dye/6"
    }
  ]
}