{"credit":"Made with Blockbench","texture_size":[64,64],"textures":{"0":"custom/school_backpack","particle":"cusstom/school_backpack"},"elements":[{"from":[-0.5,23.5,3.9],"to":[15.5,26.5,3.9],"rotation":{"angle":22.5,"axis":"z","origin":[8,25.5,3.9]},"faces":{"north":{"uv":[10,9.25,14,10],"texture":"#0"},"east":{"uv":[0,0,0,0.75],"texture":"#0"},"south":{"uv":[10,10,14,10.75],"texture":"#0"},"west":{"uv":[0,0,0,0.75],"texture":"#0"},"up":{"uv":[4,0,0,0],"texture":"#0"},"down":{"uv":[4,0,0,0],"texture":"#0"}}},{"from":[15,26.5,3.9],"to":[15,29.5,14.1],"rotation":{"angle":0,"axis":"y","origin":[15,28.5,12.4]},"faces":{"north":{"uv":[0,0,0,0.75],"texture":"#0"},"east":{"uv":[11,1.75,13.5,2.5],"texture":"#0"},"south":{"uv":[0,0,0,0.75],"texture":"#0"},"west":{"uv":[11,2.5,13.5,3.25],"texture":"#0"},"up":{"uv":[0,2.5,0,0],"texture":"#0"},"down":{"uv":[0,0,0,2.5],"texture":"#0"}}},{"from":[15,20.5,3.9],"to":[15,23.5,14.1],"rotation":{"angle":0,"axis":"y","origin":[15,22.5,12.4]},"faces":{"north":{"uv":[0,0,0,0.75],"texture":"#0"},"east":{"uv":[4,11,6.5,11.75],"texture":"#0"},"south":{"uv":[0,0,0,0.75],"texture":"#0"},"west":{"uv":[6.5,11,9,11.75],"texture":"#0"},"up":{"uv":[0,2.5,0,0],"texture":"#0"},"down":{"uv":[0,0,0,2.5],"texture":"#0"}}},{"from":[0.9,26.5,3.9],"to":[0.9,29.5,14.1],"rotation":{"angle":0,"axis":"y","origin":[0.9,28.5,12.4]},"faces":{"north":{"uv":[0,0,0,0.75],"texture":"#0"},"east":{"uv":[11.5,7.25,14,8],"texture":"#0"},"south":{"uv":[0,0,0,0.75],"texture":"#0"},"west":{"uv":[11.5,8,14,8.75],"texture":"#0"},"up":{"uv":[0,2.5,0,0],"texture":"#0"},"down":{"uv":[0,0,0,2.5],"texture":"#0"}}},{"from":[0.9,20.5,3.9],"to":[0.9,23.5,14.1],"rotation":{"angle":0,"axis":"y","origin":[0.9,22.5,12.4]},"faces":{"north":{"uv":[0,0,0,0.75],"texture":"#0"},"east":{"uv":[9,11.5,11.5,12.25],"texture":"#0"},"south":{"uv":[0,0,0,0.75],"texture":"#0"},"west":{"uv":[11.5,11.5,14,12.25],"texture":"#0"},"up":{"uv":[0,2.5,0,0],"texture":"#0"},"down":{"uv":[0,0,0,2.5],"texture":"#0"}}},{"from":[-0.2706,23.34672,3.9],"to":[15.7294,26.34672,3.9],"rotation":{"angle":-22.5,"axis":"z","origin":[7.7294,24.84672,3.9]},"faces":{"north":{"uv":[10.5,3.5,14.5,4.25],"texture":"#0"},"east":{"uv":[0,0,0,0.75],"texture":"#0"},"south":{"uv":[10.5,4.25,14.5,5],"texture":"#0"},"west":{"uv":[0,0,0,0.75],"texture":"#0"},"up":{"uv":[4,0,0,0],"texture":"#0"},"down":{"uv":[4,0,0,0],"texture":"#0"}}},{"from":[-0.5,23.5,14.1],"to":[15.5,26.5,14.1],"rotation":{"angle":22.5,"axis":"z","origin":[8,25.5,14.1]},"faces":{"north":{"uv":[10.5,5,14.5,5.75],"texture":"#0"},"east":{"uv":[0,0,0,0.75],"texture":"#0"},"south":{"uv":[10.5,5.75,14.5,6.5],"texture":"#0"},"west":{"uv":[0,0,0,0.75],"texture":"#0"},"up":{"uv":[4,0,0,0],"texture":"#0"},"down":{"uv":[4,0,0,0],"texture":"#0"}}},{"from":[-0.2706,23.34672,14.1],"to":[15.7294,26.34672,14.1],"rotation":{"angle":-22.5,"axis":"z","origin":[7.7294,24.84672,14.1]},"faces":{"north":{"uv":[10.5,6.5,14.5,7.25],"texture":"#0"},"east":{"uv":[0,0,0,0.75],"texture":"#0"},"south":{"uv":[10,10.75,14,11.5],"texture":"#0"},"west":{"uv":[0,0,0,0.75],"texture":"#0"},"up":{"uv":[4,0,0,0],"texture":"#0"},"down":{"uv":[4,0,0,0],"texture":"#0"}}},{"from":[6,21,2],"to":[10,24,4],"rotation":{"angle":0,"axis":"y","origin":[7,20,2]},"faces":{"north":{"uv":[4,8.5,5,9.25],"texture":"#0"},"east":{"uv":[12,12.25,12.5,13],"texture":"#0"},"south":{"uv":[12,1,13,1.75],"texture":"#0"},"west":{"uv":[12.5,12.25,13,13],"texture":"#0"},"up":{"uv":[10,11.5,9,11],"texture":"#0"},"down":{"uv":[12,12.25,11,12.75],"texture":"#0"}}},{"from":[9,24,3],"to":[10,26,4],"rotation":{"angle":0,"axis":"y","origin":[7,23,2]},"faces":{"north":{"uv":[10,12.75,10.25,13.25],"texture":"#0"},"east":{"uv":[10.25,12.75,10.5,13.25],"texture":"#0"},"south":{"uv":[10.5,12.75,10.75,13.25],"texture":"#0"},"west":{"uv":[10.75,12.75,11,13.25],"texture":"#0"},"up":{"uv":[11.25,3.5,11,3.25],"texture":"#0"},"down":{"uv":[11.25,7.25,11,7.5],"texture":"#0"}}},{"from":[6,24,3],"to":[7,26,4],"rotation":{"angle":0,"axis":"y","origin":[4,23,2]},"faces":{"north":{"uv":[11,12.75,11.25,13.25],"texture":"#0"},"east":{"uv":[11.25,12.75,11.5,13.25],"texture":"#0"},"south":{"uv":[11.5,12.75,11.75,13.25],"texture":"#0"},"west":{"uv":[11.75,12.75,12,13.25],"texture":"#0"},"up":{"uv":[11.5,3.5,11.25,3.25],"texture":"#0"},"down":{"uv":[11.5,7.25,11.25,7.5],"texture":"#0"}}},{"from":[7,25,3],"to":[9,26,4],"rotation":{"angle":0,"axis":"y","origin":[5,23,2]},"faces":{"north":{"uv":[9,3.5,9.5,3.75],"texture":"#0"},"east":{"uv":[11.5,3.25,11.75,3.5],"texture":"#0"},"south":{"uv":[9.5,3.5,10,3.75],"texture":"#0"},"west":{"uv":[11.75,3.25,12,3.5],"texture":"#0"},"up":{"uv":[10.5,3.75,10,3.5],"texture":"#0"},"down":{"uv":[11,7.25,10.5,7.5],"texture":"#0"}}},{"from":[5,30,9],"to":[11,32,9],"rotation":{"angle":0,"axis":"y","origin":[0,38,2]},"faces":{"north":{"uv":[7,3.75,8.5,4.25],"texture":"#0"},"east":{"uv":[0,0,0,0.5],"texture":"#0"},"south":{"uv":[9.5,12.25,11,12.75],"texture":"#0"},"west":{"uv":[0,0,0,0.5],"texture":"#0"},"up":{"uv":[1.5,0,0,0],"texture":"#0"},"down":{"uv":[1.5,0,0,0],"texture":"#0"}}},{"from":[2,14,2],"to":[14,21,4],"rotation":{"angle":0,"axis":"y","origin":[0,13,2]},"faces":{"north":{"uv":[8.5,7.5,11.5,9.25],"texture":"#0"},"east":{"uv":[4.5,12.25,5,14],"texture":"#0"},"south":{"uv":[9,0,12,1.75],"texture":"#0"},"west":{"uv":[5,12.25,5.5,14],"texture":"#0"},"up":{"uv":[14.5,9.25,11.5,8.75],"texture":"#0"},"down":{"uv":[7,11.75,4,12.25],"texture":"#0"}}},{"from":[-1,14,5],"to":[1,21,13],"rotation":{"angle":0,"axis":"y","origin":[-13,13,9]},"faces":{"north":{"uv":[5.5,12.25,6,14],"texture":"#0"},"east":{"uv":[9,1.75,11,3.5],"texture":"#0"},"south":{"uv":[6,12.25,6.5,14],"texture":"#0"},"west":{"uv":[4,9.25,6,11],"texture":"#0"},"up":{"uv":[9,13.75,8.5,11.75],"texture":"#0"},"down":{"uv":[3.5,12.25,3,14.25],"texture":"#0"}}},{"from":[15,14,5],"to":[17,21,13],"rotation":{"angle":0,"axis":"y","origin":[3,13,9]},"faces":{"north":{"uv":[6.5,12.25,7,14],"texture":"#0"},"east":{"uv":[6,9.25,8,11],"texture":"#0"},"south":{"uv":[9,12.25,9.5,14],"texture":"#0"},"west":{"uv":[8,9.25,10,11],"texture":"#0"},"up":{"uv":[4,14.25,3.5,12.25],"texture":"#0"},"down":{"uv":[4.5,12.25,4,14.25],"texture":"#0"}}},{"from":[15,23,6],"to":[16,27,12],"rotation":{"angle":0,"axis":"y","origin":[3,20,9]},"faces":{"north":{"uv":[8,12.75,8.25,13.75],"texture":"#0"},"east":{"uv":[7,11.75,8.5,12.75],"texture":"#0"},"south":{"uv":[8.25,12.75,8.5,13.75],"texture":"#0"},"west":{"uv":[12,0,13.5,1],"texture":"#0"},"up":{"uv":[7.25,14.25,7,12.75],"texture":"#0"},"down":{"uv":[7.5,12.75,7.25,14.25],"texture":"#0"}}},{"from":[0,23,6],"to":[1,27,12],"rotation":{"angle":0,"axis":"y","origin":[-12,20,9]},"faces":{"north":{"uv":[9.5,12.75,9.75,13.75],"texture":"#0"},"east":{"uv":[0,12.25,1.5,13.25],"texture":"#0"},"south":{"uv":[9.75,12.75,10,13.75],"texture":"#0"},"west":{"uv":[1.5,12.25,3,13.25],"texture":"#0"},"up":{"uv":[7.75,14.25,7.5,12.75],"texture":"#0"},"down":{"uv":[8,12.75,7.75,14.25],"texture":"#0"}}},{"from":[13,14,14],"to":[13,29,22],"rotation":{"angle":0,"axis":"y","origin":[5,23,12]},"faces":{"north":{"uv":[0,0,0,3.75],"texture":"#0"},"east":{"uv":[2,8.5,4,12.25],"texture":"#0"},"south":{"uv":[0,0,0,3.75],"texture":"#0"},"west":{"uv":[8.5,3.75,10.5,7.5],"texture":"#0"},"up":{"uv":[0,2,0,0],"texture":"#0"},"down":{"uv":[0,0,0,2],"texture":"#0"}}},{"from":[3,14,14],"to":[3,29,22],"rotation":{"angle":0,"axis":"y","origin":[-5,23,12]},"faces":{"north":{"uv":[0,0,0,3.75],"texture":"#0"},"east":{"uv":[2,8.5,4,12.25],"texture":"#0"},"south":{"uv":[0,0,0,3.75],"texture":"#0"},"west":{"uv":[8.5,3.75,10.5,7.5],"texture":"#0"},"up":{"uv":[0,2,0,0],"texture":"#0"},"down":{"uv":[0,0,0,2],"texture":"#0"}}},{"from":[1,13,4],"to":[15,30,14],"rotation":{"angle":0,"axis":"y","origin":[0,23,2]},"faces":{"north":{"uv":[0,0,3.5,4.25],"texture":"#0"},"east":{"uv":[0,4.25,2.5,8.5],"texture":"#0"},"south":{"uv":[3.5,0,7,4.25],"texture":"#0"},"west":{"uv":[2.5,4.25,5,8.5],"texture":"#0"},"up":{"uv":[8.5,6.75,5,4.25],"texture":"#0"},"down":{"uv":[8.5,6.75,5,9.25],"texture":"#0"}}}],"display":{"thirdperson_righthand":{"translation":[0,-5.25,0],"scale":[0.45,0.45,0.45]},"thirdperson_lefthand":{"translation":[0,-5.5,0],"scale":[0.41,0.41,0.41]},"firstperson_righthand":{"translation":[0,-1.5,0],"scale":[0.4,0.4,0.4]},"firstperson_lefthand":{"translation":[0,-1.5,0],"scale":[0.4,0.4,0.4]},"ground":{"translation":[0,-6.5,0],"scale":[0.69,0.69,0.69]},"gui":{"rotation":[12,155,-1],"translation":[0,-10.25,0],"scale":[0.74,0.74,0.74]},"head":{"translation":[0,-13.5,0]},"fixed":{"rotation":[-90,0,0],"translation":[0,-3.25,-46],"scale":[3.25,3.25,3.25]}},"groups":[{"name":"group","origin":[0,10,2],"color":0,"children":[{"name":"group","origin":[5,10,2],"color":0,"children":[0,1,2,3,4,5,6,7,8,9,10,11]},12,13,14,15,16,17,18,19,20]}]}